B,C,trial,stability_min_eig
1,4,0,-0.2173991818034761
1,4,1,-0.3170023145596117
1,4,2,-0.24551425347682113
1,4,3,-0.2806719860005499
1,4,4,-0.27500783035911897
1,5,0,-0.2671654070113258
1,5,1,-0.263130396014151
1,5,2,-0.3325937748918928
1,5,3,-0.383228758864388
1,5,4,-0.39154929635717073
1,6,0,-0.1952008740812773
1,6,1,-0.31982296476944616
1,6,2,-0.3774006186287029
1,6,3,-0.2927209657037017
1,6,4,-0.2378007735236312
1,7,0,-0.2635868511072219
1,7,1,-0.17994614506541584
1,7,2,-0.2007734209271476
1,7,3,-0.20984996092064767
1,7,4,-0.3483927232499007
1,8,0,-0.14286189152137624
1,8,1,-0.06530879903713148
1,8,2,-0.3452136496248801
1,8,3,-0.27822396179728753
1,8,4,-0.2967912642126855
1,9,0,-0.11113395216256797
1,9,1,-0.21715612450116015
1,9,2,-0.32282010992858995
1,9,3,-0.12125724846001999
1,9,4,-0.20714748285366552
1,10,0,-0.16887812884686557
1,10,1,-0.14465318431267657
1,10,2,-0.21512329447847264
1,10,3,-0.23773033499918192
1,10,4,-0.18099960338823698
1,11,0,-0.040906654046884976
1,11,1,-0.0696277208360204
1,11,2,-0.059839625781825195
1,11,3,-0.032244372403620436
1,11,4,-0.16134684558303558
1,12,0,-0.12396839394097071
1,12,1,-0.2004578773342406
1,12,2,-0.1221029511355315
1,12,3,-0.3351639795938229
1,12,4,-0.09097196321671215
1,13,0,-8.908859654224221e-16
1,13,1,-0.1547609477998148
1,13,2,-0.158998233523557
1,13,3,-0.08555180501134647
1,13,4,-0.04406022250984065
1,14,0,-0.1553192825019719
1,14,1,-0.1064650840879721
1,14,2,-8.30087749985386e-16
1,14,3,-8.132858150799789e-16
1,14,4,-0.14587454947083298
1,15,0,-5.0147653378791e-16
1,15,1,-0.03899371204721636
1,15,2,-9.243105588742619e-16
1,15,3,-0.22761464901636175
1,15,4,-7.351823621053461e-16
1,16,0,-0.0006810492483826467
1,16,1,-1.7498551772542019e-15
1,16,2,-0.023607918976452945
1,16,3,-0.09166302364915759
1,16,4,-9.201403988251965e-16
1,17,0,-1.5762398512311608e-15
1,17,1,-1.936381295938132e-15
1,17,2,-0.10391377586448373
1,17,3,-0.24889992202544353
1,17,4,-0.06027839590390247
1,18,0,-0.028323955974444665
1,18,1,-5.882578595231827e-16
1,18,2,-1.139842848533304e-15
1,18,3,-0.060602729869979374
1,18,4,-4.94384445737798e-16
1,19,0,-4.925384024928076e-16
1,19,1,-0.10865327055421965
1,19,2,-0.020772702031528208
1,19,3,-1.2355238335864333e-15
1,19,4,-9.215874340047827e-16
1,20,0,-7.516156443460077e-16
1,20,1,-0.1153951365914285
1,20,2,-4.0606193069194913e-16
1,20,3,-1.468209599760817e-15
1,20,4,-0.05238966984581077
1,21,0,-1.2214415668843123e-15
1,21,1,-9.609544788002624e-16
1,21,2,-6.357010014957455e-16
1,21,3,-1.2273189767992195e-15
1,21,4,-6.560447380040963e-16
1,22,0,-1.0523553534935755e-15
1,22,1,-9.761069423232482e-16
1,22,2,-5.661024500455885e-16
1,22,3,-1.7542256571641345e-15
1,22,4,-7.34347565770367e-16
1,23,0,-1.2423335802847395e-15
1,23,1,-1.1281553988687895e-15
1,23,2,-0.22766376673010805
1,23,3,-9.293381609584175e-16
1,23,4,-1.3723482293579073e-15
1,24,0,-5.830098994020756e-16
1,24,1,-9.141036435821662e-16
1,24,2,-1.1397137177924988e-15
1,24,3,-6.82280056431096e-16
1,24,4,-7.668196028646316e-16
2,4,0,-0.5092318445540667
2,4,1,-0.45662669976308345
2,4,2,-0.3860444733134631
2,4,3,-0.3753549083797933
2,4,4,-0.45412015537340394
2,5,0,-0.3813515634385207
2,5,1,-0.5246941241215247
2,5,2,-0.43600730843128555
2,5,3,-0.39014564694275167
2,5,4,-0.4437126740883936
2,6,0,-0.40029257151447273
2,6,1,-0.3878158964191171
2,6,2,-0.5804861493203931
2,6,3,-0.4562515812301407
2,6,4,-0.2449244022962766
2,7,0,-0.337225282585288
2,7,1,-0.2849638945317208
2,7,2,-0.294399084619633
2,7,3,-0.46216367914716106
2,7,4,-0.3728511506807981
2,8,0,-0.4417914579257335
2,8,1,-0.43389435866743087
2,8,2,-0.4721272154979338
2,8,3,-0.43596611848943884
2,8,4,-0.4767371832296946
2,9,0,-0.506467550542111
2,9,1,-0.3931574823017747
2,9,2,-0.40749731208946616
2,9,3,-0.3867526211409551
2,9,4,-0.34773919336299347
2,10,0,-0.2996460693509749
2,10,1,-0.33468435706273847
2,10,2,-0.322200474877751
2,10,3,-0.22626873280052934
2,10,4,-0.2329423807192859
2,11,0,-0.3580914504722868
2,11,1,-0.18478807679137116
2,11,2,-0.3300766661981321
2,11,3,-0.2652270693261055
2,11,4,-0.31351736114380996
2,12,0,-0.12930392011057706
2,12,1,-0.29426628106453967
2,12,2,-0.3363339941906419
2,12,3,-0.21608059291153334
2,12,4,-0.16790260135548174
2,13,0,-0.273974427393124
2,13,1,-0.16593500517409415
2,13,2,-0.20716276247498294
2,13,3,-0.28546225553017196
2,13,4,-0.1631364914166988
2,14,0,-0.05627959248693003
2,14,1,-0.0459932561948562
2,14,2,-0.26273148607024477
2,14,3,-0.17524715346083586
2,14,4,-0.08700716271198992
2,15,0,-0.5647397063308643
2,15,1,-9.574735200223336e-16
2,15,2,-0.10702082640512038
2,15,3,-0.21983499485025443
2,15,4,-0.16094546688554112
2,16,0,-0.22116842847956567
2,16,1,-0.22221213981747429
2,16,2,-0.37907494180008056
2,16,3,-0.009189394466548494
2,16,4,-1.4140364469829717e-15
2,17,0,-0.22536099590179037
2,17,1,-0.18939951333290939
2,17,2,-0.07964290156230314
2,17,3,-0.12769735572422117
2,17,4,-0.262091660044251
2,18,0,-0.17590914640104088
2,18,1,-0.02456528411149132
2,18,2,-0.3187966291997523
2,18,3,-0.15010901347752592
2,18,4,-0.03577307978202428
2,19,0,-9.924540518640026e-16
2,19,1,-9.80569897014653e-16
2,19,2,-0.01964610182098318
2,19,3,-0.044109472629280125
2,19,4,-0.05677957983688982
2,20,0,-9.995240358093955e-16
2,20,1,-1.7394516167187666e-15
2,20,2,-1.1883347577711915e-15
2,20,3,-1.0431046682228268e-15
2,20,4,-0.009797056461908288
2,21,0,-1.0308987095117127e-15
2,21,1,-6.484419686673937e-16
2,21,2,-0.030402841253410477
2,21,3,-9.24659692166085e-16
2,21,4,-1.8747151888039937e-15
2,22,0,-1.0560697172050539e-15
2,22,1,-8.370710347813813e-16
2,22,2,-9.630320896432146e-16
2,22,3,-0.05206312956022018
2,22,4,-1.1443951495285108e-15
2,23,0,-8.858376019623089e-16
2,23,1,-1.5974950130689633e-15
2,23,2,-1.2276538604211277e-15
2,23,3,-1.98935794546303e-15
2,23,4,-2.2506137460670198e-15
2,24,0,-4.4257285213882915e-16
2,24,1,-0.05380876141503647
2,24,2,-6.561586212462303e-16
2,24,3,-2.421646271784035e-15
2,24,4,-6.355047730300054e-16
3,4,0,-0.44825271474848244
3,4,1,-0.4788536428977614
3,4,2,-0.4867800136057519
3,4,3,-0.5796040857858126
3,4,4,-0.5694941273179202
3,5,0,-0.4625081621261687
3,5,1,-0.42014876309930005
3,5,2,-0.544047092200263
3,5,3,-0.553390094186716
3,5,4,-0.4465166836866675
3,6,0,-0.5912080183994548
3,6,1,-0.5225094700560706
3,6,2,-0.46090703730865923
3,6,3,-0.6215692192263861
3,6,4,-0.5153177851647935
3,7,0,-0.5925487687244372
3,7,1,-0.37409959000131954
3,7,2,-0.41615790022187765
3,7,3,-0.6467347061612732
3,7,4,-0.44719479286594843
3,8,0,-0.3786985986586512
3,8,1,-0.4861118049085073
3,8,2,-0.33818418001976736
3,8,3,-0.539614503545488
3,8,4,-0.5592176949530454
3,9,0,-0.2602356248624771
3,9,1,-0.4059295506192145
3,9,2,-0.3995605076895123
3,9,3,-0.603212872855398
3,9,4,-0.30872594655287283
3,10,0,-0.45762255926642903
3,10,1,-0.2762565815667518
3,10,2,-0.30738272278049306
3,10,3,-0.39422036156151147
3,10,4,-0.43752184661802207
3,11,0,-0.4511646402307375
3,11,1,-0.3334349562847744
3,11,2,-0.32263887828131926
3,11,3,-0.5705684427764749
3,11,4,-0.33319719666114833
3,12,0,-0.26583616617818173
3,12,1,-0.5940189797923466
3,12,2,-0.44098781885887606
3,12,3,-0.3212874006838927
3,12,4,-0.23858676809472454
3,13,0,-0.0898410645334673
3,13,1,-0.16489964133164103
3,13,2,-0.389093840605534
3,13,3,-0.3062353598032376
3,13,4,-0.3070873100954617
3,14,0,-0.3465615600237124
3,14,1,-0.14005096505079653
3,14,2,-0.33717190179933815
3,14,3,-0.5232240395119705
3,14,4,-0.22142977602984576
3,15,0,-0.36696800165023874
3,15,1,-0.10387318386675044
3,15,2,-0.21243135471592367
3,15,3,-0.1124574324044583
3,15,4,-0.24262605558803185
3,16,0,-0.15965849982605718
3,16,1,-0.1565961349816566
3,16,2,-0.2842234913035143
3,16,3,-0.14814516811680783
3,16,4,-0.1011902626435966
3,17,0,-0.1669533860697737
3,17,1,-0.3336823791839474
3,17,2,-0.09190674377496294
3,17,3,-0.12774344067342888
3,17,4,-0.1536916460737232
3,18,0,-0.3756854848511664
3,18,1,-1.229095741944448e-15
3,18,2,-0.07197417630754116
3,18,3,-0.06743066308227616
3,18,4,-0.29747689745126504
3,19,0,-0.1481822638051491
3,19,1,-0.1851968238338597
3,19,2,-1.5638000591982612e-15
3,19,3,-0.17202173185895037
3,19,4,-0.28026793017486207
3,20,0,-0.1310808862512411
3,20,1,-0.04738019353122049
3,20,2,-1.3057853624130919e-15
3,20,3,-2.573574706052101e-15
3,20,4,-0.16041331407442083
3,21,0,-1.9858358683793577e-15
3,21,1,-2.168671709638101e-15
3,21,2,-1.9555956905688327e-15
3,21,3,-8.756730137677283e-16
3,21,4,-1.2750450336172398e-15
3,22,0,-0.10494754515457676
3,22,1,-0.4463661270947098
3,22,2,-2.4873889130526177e-15
3,22,3,-0.1763985017643203
3,22,4,-9.184367522375042e-16
3,23,0,-8.88357802505733e-16
3,23,1,-1.5167648787015171e-15
3,23,2,-9.470052681499037e-16
3,23,3,-1.5672698382579933e-15
3,23,4,-2.4767384756202107e-15
3,24,0,-1.710205055033434e-15
3,24,1,-1.0016136968325795e-15
3,24,2,-1.4544310630964093e-15
3,24,3,-1.2577804292398712e-15
3,24,4,-0.05315304123403167
4,4,0,-0.6202951482442352
4,4,1,-0.6222812444117548
4,4,2,-0.7676345300387843
4,4,3,-0.770611093586255
4,4,4,-0.5818004143319343
4,5,0,-0.6608023678597053
4,5,1,-0.692926559928239
4,5,2,-0.5812998737581816
4,5,3,-0.6396070671437402
4,5,4,-0.5861143235874191
4,6,0,-0.6006941806981269
4,6,1,-0.6113487276248519
4,6,2,-0.5235071025567712
4,6,3,-0.6030822021569932
4,6,4,-0.7324272863950342
4,7,0,-0.6644503818527435
4,7,1,-0.5098802668649335
4,7,2,-0.5537995753386591
4,7,3,-0.5026751263823523
4,7,4,-0.6922533868354561
4,8,0,-0.4561794905079102
4,8,1,-0.31061780901033537
4,8,2,-0.6280757355583703
4,8,3,-0.3970419517585203
4,8,4,-0.633099700808333
4,9,0,-0.4186065598734528
4,9,1,-0.3155877459496719
4,9,2,-0.6436212462809137
4,9,3,-0.3137827075280359
4,9,4,-0.5942319569973764
4,10,0,-0.48511186402412293
4,10,1,-0.3468625111996163
4,10,2,-0.5279383799356974
4,10,3,-0.4545154331388498
4,10,4,-0.5478034998837343
4,11,0,-0.37396820514691054
4,11,1,-0.34457956591791317
4,11,2,-0.37418068317070907
4,11,3,-0.427814339651105
4,11,4,-0.41384475831464873
4,12,0,-0.5390310601119057
4,12,1,-0.41375262684095737
4,12,2,-0.2602039765727467
4,12,3,-0.5453654624441874
4,12,4,-0.3235223061937702
4,13,0,-0.47840534271487856
4,13,1,-0.23556789725618862
4,13,2,-0.31405161860877223
4,13,3,-0.5154126065884281
4,13,4,-0.3317012642173593
4,14,0,-0.3046763607362595
4,14,1,-0.00486497711327756
4,14,2,-0.3359043748048912
4,14,3,-0.4273051858001406
4,14,4,-0.16339237304631335
4,15,0,-0.3384673335217181
4,15,1,-0.2524094391441653
4,15,2,-0.1583768541152403
4,15,3,-0.16464020036542318
4,15,4,-0.09464634765287182
4,16,0,-0.2555799666960368
4,16,1,-0.17616404242743156
4,16,2,-1.9347494985662664e-15
4,16,3,-0.24203623391969045
4,16,4,-0.15987763682800202
4,17,0,-0.07812868241159006
4,17,1,-0.5689514934443023
4,17,2,-0.2678253557365863
4,17,3,-0.3955077416419922
4,17,4,-0.16049496765258323
4,18,0,-0.29170357709984257
4,18,1,-0.17060454929833335
4,18,2,-0.08923733150762816
4,18,3,-0.07953053886774816
4,18,4,-2.319317318298553e-15
4,19,0,-0.05035859178621773
4,19,1,-2.446949258745642e-15
4,19,2,-0.035597527047929435
4,19,3,-1.3215650621597724e-15
4,19,4,-0.09928130543975017
4,20,0,-0.11793927792743984
4,20,1,-1.0810927816338125e-15
4,20,2,-1.5120596871128016e-15
4,20,3,-1.4373819144363018e-15
4,20,4,-1.4304566889233074e-15
4,21,0,-0.0438865930318067
4,21,1,-0.07461927625646021
4,21,2,-0.03462670554710515
4,21,3,-2.8501154468298696e-15
4,21,4,-1.1947214884855312e-15
4,22,0,-8.140144505085991e-16
4,22,1,-1.8099410109984756e-15
4,22,2,-8.081334625111274e-16
4,22,3,-0.26904988237039473
4,22,4,-7.528549732891085e-16
4,23,0,-1.0485363099171479e-15
4,23,1,-9.586658335558156e-16
4,23,2,-1.7643620073396358e-15
4,23,3,-7.588513871556013e-16
4,23,4,-1.5352872878855398e-15
4,24,0,-7.374628964847615e-16
4,24,1,-1.8404707199585063e-15
4,24,2,-0.011133308854945586
4,24,3,-1.9153286357989238e-15
4,24,4,-2.1806487383006894e-15
5,4,0,-0.6752207224470773
5,4,1,-0.6359004621527746
5,4,2,-0.8789531818798394
5,4,3,-0.8078996158160371
5,4,4,-0.6995446185490486
5,5,0,-0.843914436551521
5,5,1,-0.6840304627098095
5,5,2,-0.631323425340111
5,5,3,-0.5227962892169884
5,5,4,-0.6229771466553256
5,6,0,-0.5141114093173227
5,6,1,-0.6598936025116209
5,6,2,-0.440757386743801
5,6,3,-0.6642682176620444
5,6,4,-0.5597387873937343
5,7,0,-0.5895383118475817
5,7,1,-0.6832823911068553
5,7,2,-0.6258827434721106
5,7,3,-0.5901673864948674
5,7,4,-0.5010213336326804
5,8,0,-0.3224151354151797
5,8,1,-0.5678887600640409
5,8,2,-0.3368843197701245
5,8,3,-0.696004252050007
5,8,4,-0.5148390184172286
5,9,0,-0.732388905621163
5,9,1,-0.6877770363386903
5,9,2,-0.43890524127544955
5,9,3,-0.49315299562363735
5,9,4,-0.755943431350318
5,10,0,-0.4752210042431261
5,10,1,-0.3831449995045071
5,10,2,-0.24927867239948195
5,10,3,-0.4916879810579717
5,10,4,-0.30870939200330966
5,11,0,-0.4619020133222925
5,11,1,-0.574574938127647
5,11,2,-0.47502658122974584
5,11,3,-0.5179027981627967
5,11,4,-0.48485036996949155
5,12,0,-0.6757503115833068
5,12,1,-0.4045738068125201
5,12,2,-0.6816251859202412
5,12,3,-0.4402522116766262
5,12,4,-0.5621967938565751
5,13,0,-0.2249134850907228
5,13,1,-0.3953727670967568
5,13,2,-0.28817131874269336
5,13,3,-0.3356422636437042
5,13,4,-0.16484393761560992
5,14,0,-0.6136214329811516
5,14,1,-0.21266140074737286
5,14,2,-0.4737544400817329
5,14,3,-0.422962360206416
5,14,4,-0.0634196509218006
5,15,0,-0.2727586130370286
5,15,1,-2.3034934389617424e-15
5,15,2,-0.5544932658201919
5,15,3,-0.6399529821077392
5,15,4,-0.18723392155717977
5,16,0,-0.5092758467701974
5,16,1,-0.5426528903949196
5,16,2,-0.3282059396843742
5,16,3,-0.11807991065188717
5,16,4,-0.30556381245045877
5,17,0,-3.4436860778409316e-15
5,17,1,-0.3884715358490355
5,17,2,-0.46474855941676785
5,17,3,-0.0862297483484014
5,17,4,-0.4206999389932821
5,18,0,-0.18790017885325572
5,18,1,-1.5880211478582118e-15
5,18,2,-1.4316466604062806e-15
5,18,3,-0.28149183324293375
5,18,4,-0.06841313231632155
5,19,0,-0.14674000147290053
5,19,1,-2.635769979256944e-15
5,19,2,-1.1052899458010538e-15
5,19,3,-0.3216196915545044
5,19,4,-1.4968998627576425e-15
5,20,0,-0.3535739757500103
5,20,1,-2.053854695751644e-15
5,20,2,-0.06390556314998425
5,20,3,-0.2151697102906918
5,20,4,-0.10520947463251633
5,21,0,-2.360246859049379e-15
5,21,1,-1.4250361365433039e-15
5,21,2,-0.012863780803182788
5,21,3,-2.1881875152210217e-15
5,21,4,-1.621340317979623e-15
5,22,0,-2.7983039564104835e-15
5,22,1,-3.1053673856938843e-15
5,22,2,-3.062458422108299e-15
5,22,3,-1.595182489292919e-15
5,22,4,-0.03410048090131285
5,23,0,-2.9061869819364095e-15
5,23,1,-2.0358577369923963e-15
5,23,2,-0.05371332400588081
5,23,3,-0.04922710569182567
5,23,4,-1.9934679314978496e-15
6,4,0,-1.0184016469494774
6,4,1,-0.866118871606302
6,4,2,-0.741765379963026
6,4,3,-0.705922653024272
6,4,4,-1.0225543507351984
6,5,0,-0.6953204087073651
6,5,1,-0.6713522951318143
6,5,2,-0.7272055731492282
6,5,3,-0.5829942556243392
6,5,4,-0.6605568392990698
6,6,0,-0.5101583325214717
6,6,1,-0.7367160140863891
6,6,2,-0.6882255358568927
6,6,3,-0.8431182079076941
6,6,4,-0.6598618881618978
6,7,0,-0.4284960925802184
6,7,1,-0.679308091978268
6,7,2,-0.6654230702813865
6,7,3,-0.6414370861504435
6,7,4,-0.5325693378129218
6,8,0,-0.5625045785835915
6,8,1,-0.6918773227167848
6,8,2,-0.8196184627493518
6,8,3,-0.624449430647204
6,8,4,-0.5084867420511648
6,9,0,-0.5904831030579457
6,9,1,-0.627152737066755
6,9,2,-0.7104249208797612
6,9,3,-0.4874429973753534
6,9,4,-0.5497583920625057
6,10,0,-0.41654306739460545
6,10,1,-0.5428114250556053
6,10,2,-0.6027130666584694
6,10,3,-0.8670822119962008
6,10,4,-0.879481789075809
6,11,0,-0.4607293034123867
6,11,1,-0.5621472857487022
6,11,2,-0.5629160778593846
6,11,3,-0.6918132398451033
6,11,4,-0.4131844680216613
6,12,0,-0.3984237370338331
6,12,1,-0.4766315429468618
6,12,2,-0.42097580218050384
6,12,3,-0.4720793220285292
6,12,4,-0.4209162539948079
6,13,0,-0.2555866460680257
6,13,1,-0.371925104612522
6,13,2,-0.5212082862291318
6,13,3,-0.6199201192374378
6,13,4,-0.5532364804862827
6,14,0,-0.42765285042326706
6,14,1,-0.296180168213931
6,14,2,-0.2827072135978092
6,14,3,-0.5412791309697224
6,14,4,-0.6072219332338906
6,15,0,-0.06823557916591477
6,15,1,-0.29629390089708474
6,15,2,-0.22911568161752036
6,15,3,-0.4100306839211244
6,15,4,-0.523809607273677
6,16,0,-0.07564533825723893
6,16,1,-0.45772608853679186
6,16,2,-0.20186806024542467
6,16,3,-0.3302361812357681
6,16,4,-0.24631443872228148
6,17,0,-2.275648651446681e-15
6,17,1,-0.1401492669931705
6,17,2,-0.6627821331347523
6,17,3,-0.16503345128229066
6,17,4,-0.15589700094763997
6,18,0,-0.32487453758247437
6,18,1,-0.06063145121923126
6,18,2,-2.7997545670699136e-15
6,18,3,-8.475607603469059e-16
6,18,4,-0.19534138666854417
6,19,0,-0.10378811675225602
6,19,1,-1.1958429166197535e-15
6,19,2,-0.21442934005789582
6,19,3,-0.29481189821953524
6,19,4,-1.7692059103312196e-15
6,20,0,-2.1818695429325685e-15
6,20,1,-0.5772299015516981
6,20,2,-0.22238566008363628
6,20,3,-0.013404015484176296
6,20,4,-2.5652349639816602e-15
6,21,0,-0.07224641825205123
6,21,1,-2.412266345136367e-15
6,21,2,-2.21352339521269e-15
6,21,3,-0.14075674404563746
6,21,4,-1.785324841620431e-15
6,22,0,-0.20711124460513736
6,22,1,-3.639552718406953e-15
6,22,2,-3.4060348877069334e-15
6,22,3,-1.1437607507308202e-15
6,22,4,-1.5639129291979405e-15
7,4,0,-0.7268425096311647
7,4,1,-0.9259770919610901
7,4,2,-0.8763804770345859
7,4,3,-0.7759415341826577
7,4,4,-0.8186015874241542
7,5,0,-0.8375188967367813
7,5,1,-0.7686888272496519
7,5,2,-0.6551176173324086
7,5,3,-0.6829606724928935
7,5,4,-0.7809244777855434
7,6,0,-0.7554691017724304
7,6,1,-0.9804825443983788
7,6,2,-0.7361042305410314
7,6,3,-0.8409983614963346
7,6,4,-0.7844026661333778
7,7,0,-0.8384384655154772
7,7,1,-0.7372207172644399
7,7,2,-0.9795916360915103
7,7,3,-0.5648056125191309
7,7,4,-0.6151607015838255
7,8,0,-0.6329767495585767
7,8,1,-0.6880145673289938
7,8,2,-0.6016389762950919
7,8,3,-0.5900383146644571
7,8,4,-0.7651048833792613
7,9,0,-0.697743344393257
7,9,1,-0.5622744613295824
7,9,2,-0.5085185216271682
7,9,3,-0.3817428566255696
7,9,4,-0.7369908574171896
7,10,0,-0.39389929394216683
7,10,1,-0.56558541615357
7,10,2,-0.5008226978272214
7,10,3,-0.5022670390513967
7,10,4,-0.5166013402935768
7,11,0,-0.36524687117475024
7,11,1,-0.5858215362214569
7,11,2,-0.6934333542985178
7,11,3,-0.26984026509323805
7,11,4,-0.6038580256076904
7,12,0,-0.7019067323036554
7,12,1,-0.5853457457366197
7,12,2,-0.4111895643518601
7,12,3,-0.432313435965038
7,12,4,-0.4345926817621864
7,13,0,-0.49891501770378527
7,13,1,-0.6450782929758914
7,13,2,-0.4741416546664429
7,13,3,-0.4817528471413286
7,13,4,-0.5137821968197541
7,14,0,-0.29889229113253135
7,14,1,-0.5021493983711386
7,14,2,-0.75655405998947
7,14,3,-0.48532416955005114
7,14,4,-0.7093590401084289
7,15,0,-0.2615754824165976
7,15,1,-0.43370183573418564
7,15,2,-0.6830024592416135
7,15,3,-0.5686985900566172
7,15,4,-0.4394337385090261
7,16,0,-1.4903176714566024e-15
7,16,1,-0.3470401945450633
7,16,2,-0.40679924917348304
7,16,3,-0.0489715573603011
7,16,4,-0.2021265402580652
7,17,0,-1.6152001591417719e-15
7,17,1,-1.6910097553615431e-15
7,17,2,-1.977073272932044e-15
7,17,3,-0.2724676837574219
7,17,4,-0.11483638666217617
7,18,0,-3.4032930475192695e-15
7,18,1,-3.7172947340808706e-15
7,18,2,-0.08497329620490564
7,18,3,-0.032041296818594536
7,18,4,-0.19975513725219105
7,19,0,-0.18263953896460217
7,19,1,-1.8539257876445143e-15
7,19,2,-0.20298764425964902
7,19,3,-0.026527158901288293
7,19,4,-2.8588524704257197e-15
7,20,0,-2.083644141824184e-15
7,20,1,-3.4728649240847802e-15
7,20,2,-0.0829895529402854
7,20,3,-2.521400368612737e-15
7,20,4,-2.0784987049304177e-15
7,21,0,-3.3906561548737373e-15
7,21,1,-0.06355071375752526
7,21,2,-0.0025189350764365554
7,21,3,-1.5214897785854316e-15
7,21,4,-2.2917986528617055e-15
8,4,0,-0.7967879370541622
8,4,1,-0.8889548400302776
8,4,2,-0.7886065373135074
8,4,3,-0.8941076045871437
8,4,4,-0.7478450046907185
8,5,0,-0.8643467663330865
8,5,1,-1.0040713899917104
8,5,2,-0.756448522480062
8,5,3,-0.9295176417693549
8,5,4,-1.0421984663104562
8,6,0,-0.7338858550207306
8,6,1,-0.8072893352164412
8,6,2,-0.7780372581784705
8,6,3,-0.9842140238396616
8,6,4,-1.0764910341054066
8,7,0,-0.790340116787714
8,7,1,-0.7088308991476463
8,7,2,-0.8970232221463029
8,7,3,-0.8500606124271198
8,7,4,-0.7841872379095708
8,8,0,-0.8616965947364835
8,8,1,-0.7324678267869927
8,8,2,-0.6120127315126939
8,8,3,-0.49630003938291384
8,8,4,-0.751963520740547
8,9,0,-0.7728882051797703
8,9,1,-0.6686369583624231
8,9,2,-0.5183890891939853
8,9,3,-0.9478542593906095
8,9,4,-0.5187295138019576
8,10,0,-0.8387098031422711
8,10,1,-0.692061520261247
8,10,2,-0.6974697510414987
8,10,3,-0.6589370339451199
8,10,4,-0.7272893369162288
8,11,0,-0.6539054997938363
8,11,1,-0.7596069194598223
8,11,2,-0.5616272327119666
8,11,3,-0.7106503435268325
8,11,4,-0.704945789085501
8,12,0,-0.3495658310314545
8,12,1,-0.4801719566517725
8,12,2,-0.23074923573091646
8,12,3,-0.5143200372930761
8,12,4,-0.5804715170701582
8,13,0,-0.45232733968521993
8,13,1,-0.7009335021244637
8,13,2,-0.6925315564201472
8,13,3,-0.8776154732629139
8,13,4,-0.49415374864240463
8,14,0,-0.2857839407492895
8,14,1,-0.542522294453981
8,14,2,-0.49643321417997405
8,14,3,-0.481716473748988
8,14,4,-0.5734959001773525
8,15,0,-0.42438013303921807
8,15,1,-0.35524022485836304
8,15,2,-0.44265344386776045
8,15,3,-0.27754925601691854
8,15,4,-0.3372237700717015
8,16,0,-0.43505589402005157
8,16,1,-0.8656961119775989
8,16,2,-0.22131895989791636
8,16,3,-0.015120450296025097
8,16,4,-0.45851269670848127
8,17,0,-2.2508117707966332e-15
8,17,1,-0.1784036759294009
8,17,2,-0.36663345241494083
8,17,3,-1.4566660894138144e-15
8,17,4,-0.3849692108535349
8,18,0,-0.1930652601660085
8,18,1,-0.4558456038116857
8,18,2,-0.08458744291334447
8,18,3,-0.08627606660876971
8,18,4,-0.03346659493418041
8,19,0,-1.798701905085915e-15
8,19,1,-1.850556167252383e-15
8,19,2,-1.0542457369670693e-15
8,19,3,-0.10364370359460114
8,19,4,-2.65744313639046e-15
8,20,0,-3.4505940976397108e-15
8,20,1,-0.07878054708423518
8,20,2,-0.034497688268149064
8,20,3,-1.7531416191908358e-15
8,20,4,-3.0743239063626506e-15
